{"train/stage0_loss_cls": 1.099708924293518, "train/stage0_pos_acc": 9.166666641235352, "train/stage0_loss_bbox": 0.2738942152261734, "train/stage0_loss_iou": 0.24882111713290214, "train/stage1_loss_cls": 0.8776483321189881, "train/stage1_pos_acc": 11.666666564941407, "train/stage1_loss_bbox": 0.13738110899925232, "train/stage1_loss_iou": 0.12372418984770775, "train/stage2_loss_cls": 0.8303326022624969, "train/stage2_pos_acc": 23.29999969482422, "train/stage2_loss_bbox": 0.13516438722610474, "train/stage2_loss_iou": 0.11780781015753745, "train/stage3_loss_cls": 0.7869422894716263, "train/stage3_pos_acc": 28.966666374206543, "train/stage3_loss_bbox": 0.12313339866697788, "train/stage3_loss_iou": 0.10700087916105985, "train/stage4_loss_cls": 0.7899556225538253, "train/stage4_pos_acc": 31.93333297729492, "train/stage4_loss_bbox": 0.1201567754149437, "train/stage4_loss_iou": 0.10385200425982476, "train/stage5_loss_cls": 0.8270641529560089, "train/stage5_pos_acc": 20.99999984741211, "train/stage5_loss_bbox": 0.12088554672896862, "train/stage5_loss_iou": 0.10727488912642003, "train/loss": 6.930748338699341, "train/grad_norm": 137.22539581298827, "learning_rate": 2.5e-05, "momentum": 0.9, "_timestamp": 1649956358, "_runtime": 9378, "_step": 27368, "val/bbox_mAP": 0.152, "val/bbox_mAP_50": 0.165, "val/bbox_mAP_75": 0.163, "val/bbox_mAP_s": 0.0, "val/bbox_mAP_m": -1.0, "val/bbox_mAP_l": 0.152}