{"train/stage0_loss_cls": 0.1250203598663211, "train/stage0_pos_acc": 99.3333332824707, "train/stage0_loss_bbox": 0.09519857861101627, "train/stage0_loss_iou": 0.10571243122220039, "train/stage1_loss_cls": 0.03343789000879042, "train/stage1_pos_acc": 100.0, "train/stage1_loss_bbox": 0.057753665316849945, "train/stage1_loss_iou": 0.07035968444310128, "train/stage2_loss_cls": 0.031077178550767713, "train/stage2_pos_acc": 99.3333332824707, "train/stage2_loss_bbox": 0.051916612405329944, "train/stage2_loss_iou": 0.06751331586390734, "train/stage3_loss_cls": 0.025866129616624677, "train/stage3_pos_acc": 100.0, "train/stage3_loss_bbox": 0.05399655180051923, "train/stage3_loss_iou": 0.06808077294379472, "train/stage4_loss_cls": 0.023622713094810024, "train/stage4_pos_acc": 100.0, "train/stage4_loss_bbox": 0.05188029712066054, "train/stage4_loss_iou": 0.06712149424478411, "train/stage5_loss_cls": 0.024570695938600694, "train/stage5_pos_acc": 100.0, "train/stage5_loss_bbox": 0.05225116331130266, "train/stage5_loss_iou": 0.06733459725044667, "train/loss": 1.072714179456234, "train/grad_norm": 87.17574806213379, "learning_rate": 2.5000000000000004e-07, "momentum": 0.9, "_timestamp": 1649994351, "_runtime": 47371, "_step": 140209, "val/bbox_mAP": 0.974, "val/bbox_mAP_50": 0.996, "val/bbox_mAP_75": 0.992, "val/bbox_mAP_s": 0.0, "val/bbox_mAP_m": -1.0, "val/bbox_mAP_l": 0.974, "_wandb": {"runtime": 47373}}