{"train/stage0_loss_cls": 0.11916422544047237, "train/stage0_pos_acc": 97.99999984741211, "train/stage0_loss_bbox": 0.09875561662018299, "train/stage0_loss_iou": 0.09472713254392147, "train/stage1_loss_cls": 0.011465537480544298, "train/stage1_pos_acc": 100.0, "train/stage1_loss_bbox": 0.049381020218133925, "train/stage1_loss_iou": 0.048819981142878534, "train/stage2_loss_cls": 0.010549123993841931, "train/stage2_pos_acc": 100.0, "train/stage2_loss_bbox": 0.04494177289307118, "train/stage2_loss_iou": 0.04495566546916962, "train/stage3_loss_cls": 0.010327038621762768, "train/stage3_pos_acc": 100.0, "train/stage3_loss_bbox": 0.044407492019236085, "train/stage3_loss_iou": 0.04460328590124846, "train/stage4_loss_cls": 0.012536412693443709, "train/stage4_pos_acc": 100.0, "train/stage4_loss_bbox": 0.04340092688798904, "train/stage4_loss_iou": 0.043774371165782214, "train/stage5_loss_cls": 0.0146092852493166, "train/stage5_pos_acc": 100.0, "train/stage5_loss_bbox": 0.04369363933801651, "train/stage5_loss_iou": 0.04375310188159347, "train/loss": 0.8238656449317933, "train/grad_norm": 91.13322601318359, "learning_rate": 2.5e-06, "momentum": 0.9, "_timestamp": 1649988212, "_runtime": 41232, "_step": 122490, "val/bbox_mAP": 0.972, "val/bbox_mAP_50": 0.996, "val/bbox_mAP_75": 0.991, "val/bbox_mAP_s": 0.0, "val/bbox_mAP_m": -1.0, "val/bbox_mAP_l": 0.973}